name,gender,size,itemColor,quantityAmount,idNumber,price
Jordan11,Male,11,Black/White,30,1000324,190.00
T-shirt,Male,M,Blue,80,1000213,15.00
Coat,Male,M,Brown,30,1000113,75.00
Shorts,Male,S,Khaki,20,1000674,11.00
T-shirt,Male,S,Black,60,1000833,13.00
Jordan1,Male,10,Red/White,25,1000489,140.00
Jordan1,Male,9,LightBlue/White,40,1000212,140.00
Shorts,Unisex,S,Grey,50,1000993,19.00
Jacket,Unisex,M,NavyBlue,90,1000312,110.00
T-shirt,Male,L,Red,120,1000231,15.00
Shorts,Male,S,Black,150,1000222,16.00
Jacket,Female,XS,RoseGold,25,1000852,90.00
